URL,Status,Redirect Target,Chain Length,Canonical,Title,Description,H1 Count,In Sitemap
http://localhost:3001/,200,,0,https://prepbanker.com,"SBI PO Mock Test 2026, IBPS PO Mock Test, Sectional Tests &amp; Practice Questions | PrepBanker","Practice with SBI PO Mock Tests, IBPS PO Mock Tests, sectional tests, topic-wise quizzes, current affairs, previous year questions, and study material. Improve speed, accuracy, and exam readiness with PrepBanker.",1,false
https://prepbanker.com/,200,,0,https://prepbanker.com,"SBI PO Mock Test 2026, IBPS PO Mock Test, Sectional Tests &amp; Practice Questions | PrepBanker","Practice with SBI PO Mock Tests, IBPS PO Mock Tests, sectional tests, topic-wise quizzes, current affairs, previous year questions, and study material. Improve speed, accuracy, and exam readiness with PrepBanker.",1,true
https://prepbanker.com/about,200,,0,https://prepbanker.com/about,About Us – PrepBanker Team &amp; Mission | PrepBanker,"Learn about PrepBanker – India&#x27;s most trusted online preparation platform for banking exams like SBI PO and IBPS PO. Our mission, features, and values.",1,true
https://prepbanker.com/contact,200,,0,https://prepbanker.com/contact,Contact Us – PrepBanker Support | PrepBanker,"Get in touch with the PrepBanker team for support, feedback, or partnership inquiries.",1,true
https://prepbanker.com/privacy,200,,0,https://prepbanker.com/privacy,Privacy Policy – PrepBanker | PrepBanker,"Learn how PrepBanker collects, uses, and protects your personal information.",1,true
https://prepbanker.com/terms,200,,0,https://prepbanker.com/terms,Terms &amp; Conditions – PrepBanker | PrepBanker,Read PrepBanker&#x27;s Terms of Use and platform terms and conditions.,1,true
https://prepbanker.com/exams,200,,0,https://prepbanker.com/exams,Banking Exams 2026 – SBI PO &amp; IBPS PO Guides | PrepBanker | PrepBanker,"Explore SBI PO and IBPS PO 2026 exam guides with syllabus, exam pattern, dates, cutoffs, and free mock tests on PrepBanker.",1,true
https://prepbanker.com/live-tests,200,,0,https://prepbanker.com/live-tests,Live Mock Tests for SBI PO &amp; IBPS PO | Free Banking Exam Test Series | PrepBanker,"Attempt free live mock tests for SBI PO, IBPS PO, and other banking exams. Practice in a real exam environment, improve speed and accuracy, track performance, and boost your chances of success.",1,true
https://prepbanker.com/quiz,200,,0,https://prepbanker.com/quiz,Practice Quizzes for SBI PO &amp; IBPS PO | Topic-wise Quiz Preparation | PrepBanker,"Practice topic-wise quizzes for SBI PO, IBPS PO, and other competitive exams. Improve accuracy, strengthen concepts, track performance, and boost your exam preparation with interactive quiz practice.",1,true
https://prepbanker.com/sbi-po-quiz,200,,0,https://prepbanker.com/sbi-po-quiz,SBI PO Quiz 2026: Free Mock Test &amp; Practice Questions | PrepBanker,"Attempt the SBI PO quiz 2026 with sectional tests, chapter-wise practice and PYQs. Get instant scores and fix weak areas on PrepBanker.",2,true
https://prepbanker.com/ibps-po-quiz,200,,0,https://prepbanker.com/ibps-po-quiz,IBPS PO Quiz 2026: Free Mock Test &amp; Practice Questions | PrepBanker,"Attempt the IBPS PO quiz 2026 with sectional tests, chapter-wise practice and PYQs. Get instant scores and fix weak areas on PrepBanker.",2,true
https://prepbanker.com/previous-year-papers,308,https://prepbanker.com/sbi-po-previous-year-question-papers,1,,,,0,true
https://prepbanker.com/sbi-po-previous-year-question-papers,200,,0,https://prepbanker.com/sbi-po-previous-year-question-papers,SBI PO Previous Year Question Papers (2016–2025) Free PDF | PrepBanker,"Download SBI PO previous year question papers 2016–2025 with solutions. Practice prelims &amp; mains PYQs, attempt topic-wise mock tests free on PrepBanker.",1,false
https://prepbanker.com/pricing,200,,0,https://prepbanker.com/pricing,"PrepBanker Premium Pricing – Simple, Honest Plans for SBI PO &amp; IBPS PO Mocks | PrepBanker","Choose from our free or premium mock test series plans. Get complete access to 500+ mock tests, 7 years of PYQs, live exams, and AI feedback to crack the 2026 SBI PO &amp; IBPS PO cycles.",1,true
https://prepbanker.com/sbi-po,200,,0,https://prepbanker.com/sbi-po,"SBI PO 2026 Mock Test, Syllabus, Exam Pattern &amp; Free Practice Tests | PrepBanker | PrepBanker","Prepare for SBI PO 2026 with free mock tests, sectional tests, topic-wise practice questions, current affairs, and study material. Full syllabus, exam pattern, cutoffs &amp; preparation strategy — all in one place.",1,true
https://prepbanker.com/ibps-po,200,,0,https://prepbanker.com/ibps-po,"IBPS PO 2026 Mock Test, Syllabus, Exam Pattern &amp; Free Practice Tests | PrepBanker | PrepBanker","Prepare for IBPS PO 2026 with free mock tests, sectional tests, topic-wise questions, current affairs, and study material. Full syllabus, exam pattern, cut-offs &amp; 90-day strategy.",1,true
https://prepbanker.com/sbi-po/notification,200,,0,https://prepbanker.com/sbi-po/notification,SBI PO Notification 2026 PDF &amp; Details | PrepBanker,"SBI PO 2026 Notification out. Check the official CRPD/PO/2026-27/09 notice, important dates timeline, eligibility, 1,500 vacancies breakdown &amp; apply guide.",1,true
https://prepbanker.com/sbi-po/admit-card,200,,0,https://prepbanker.com/sbi-po/admit-card,SBI PO Admit Card 2026 Out – Download Call Letter | PrepBanker,"SBI PO Admit Card 2026 released 22 July 2026 at sbi.bank.in for the Aug 1–2 Prelims exam. Direct download link, shift timings &amp; exam-day checklist.",1,true
https://prepbanker.com/sbi-po/vacancy,200,,0,https://prepbanker.com/sbi-po/vacancy,SBI PO Vacancy 2026: 1500 Posts Breakup | PrepBanker,"SBI PO Vacancy 2026 stands at 1,500 posts — 1,446 regular + 54 backlog. Check category-wise, PwBD &amp; state-wise vacancy breakup here at PrepBanker.",1,true
https://prepbanker.com/sbi-po/syllabus,200,,0,https://prepbanker.com/sbi-po/syllabus,SBI PO Syllabus 2026: Prelims &amp; Mains Topic-Wise PDF | PrepBanker,"Complete SBI PO Syllabus 2026 for Prelims &amp; Mains — topic-wise weightage for English, Quant, Reasoning, Banking Awareness &amp; Descriptive test. PDF inside.",1,true
https://prepbanker.com/sbi-po/important-dates,200,,0,https://prepbanker.com/sbi-po/important-dates,SBI PO Important Dates 2026: Full Exam Schedule | PrepBanker,"Complete SBI PO Important Dates 2026 — notification, admit card, prelims, mains, interview &amp; final result timeline. Official schedule, updated daily.",1,true
https://prepbanker.com/sbi-po/cut-off,200,,0,https://prepbanker.com/sbi-po/cut-off,"SBI PO Cut Off 2026: Prelims, Mains &amp; Final Trend | PrepBanker","SBI PO Cut Off 2026 expected trends based on 2019–2025 data. Category-wise Prelims, Mains, Final &amp; Interview cut off marks — full history at PrepBanker.",1,true
https://prepbanker.com/sbi-po/exam-pattern,200,,0,https://prepbanker.com/sbi-po/exam-pattern,SBI PO Exam Pattern 2026: Prelims &amp; Mains | PrepBanker,"SBI PO Exam Pattern 2026 — Prelims (100 marks), Mains (230 marks), Descriptive Test &amp; Interview. Section-wise marks, duration &amp; marking scheme here.",1,true
https://prepbanker.com/sbi-po/eligibility,200,,0,https://prepbanker.com/sbi-po/eligibility,SBI PO Eligibility Criteria 2026: Age &amp; Rules | PrepBanker,"SBI PO Eligibility Criteria 2026 — age limit 21-30 years, graduation qualification, nationality rules &amp; number of attempts. Full details here.",1,true
https://prepbanker.com/sbi-po/selection-process,200,,0,https://prepbanker.com/sbi-po/selection-process,SBI PO Selection Process 2026: Stages &amp; Rules | PrepBanker,"SBI PO Selection Process 2026 — Prelims, Mains, Psychometric Test, Group Exercise &amp; Interview. Shortlisting ratios, final merit &amp; documents needed.",1,true
https://prepbanker.com/sbi-po/salary,200,,0,https://prepbanker.com/sbi-po/salary,"SBI PO Salary 2026: In-Hand Pay, Allowances &amp; CTC | PrepBanker","SBI PO Salary 2026 — basic pay ₹48,480, CTC ₹21.97 lakh, in-hand salary, allowances (DA, HRA, CCA) &amp; career growth ladder. Full breakdown here.",1,true
https://prepbanker.com/sbi-po/mock-tests,200,,0,https://prepbanker.com/sbi-po/mock-tests,SBI PO Mock Test 2026: Free Prelims &amp; Mains | PrepBanker,"Attempt SBI PO Mock Test 2026 for Prelims &amp; Mains — real exam interface, All India Rank, topic-wise analysis. Start with a free full mock now.",1,true
https://prepbanker.com/sbi-po/english-tests,200,,0,https://prepbanker.com/sbi-po/english-tests,SBI PO English Sectional Test 2026 | PrepBanker,"Attempt SBI PO English Language Sectional Test 2026 — RC, Cloze Test, Para Jumbles &amp; more, topic-wise, timed, with instant solutions and analysis.",1,true
https://prepbanker.com/sbi-po/quant-tests,200,,0,https://prepbanker.com/sbi-po/quant-tests,SBI PO Quantitative Aptitude Test 2026 | Topic-Wise Practice | PrepBanker,"Attempt SBI PO Quantitative Aptitude Test 2026 — DI, Simplification, Number Series, Quadratic Equations &amp; more, timed, topic-tagged, instant analysis.",1,true
https://prepbanker.com/sbi-po/reasoning-tests,200,,0,https://prepbanker.com/sbi-po/reasoning-tests,SBI PO Reasoning Sectional Test 2026 | PrepBanker,"Attempt SBI PO Reasoning Ability Test 2026 — Puzzles, Seating Arrangement, Syllogism, Coding-Decoding &amp; more, timed, topic-tagged, instant analysis.",1,true
https://prepbanker.com/sbi-po/sbi-po-vs-ibps-po,200,,0,https://prepbanker.com/sbi-po/sbi-po-vs-ibps-po,SBI PO vs IBPS PO 2026 Comparison | PrepBanker,"SBI PO vs IBPS PO compared for 2026 — exam pattern, difficulty, salary, career growth, and which to prioritize. Clear answers, no fluff.",1,true
https://prepbanker.com/sbi-po/study-plan,200,,0,https://prepbanker.com/sbi-po/study-plan,SBI PO Study Plan 2026: Roadmap | PrepBanker,"SBI PO Study Plan 2026 — a day-wise roadmap from foundation to Mains, with subject time allocation, mock test frequency, and a revision system.",1,true
https://prepbanker.com/sbi-po/previous-year-papers,404,,0,,,,0,true
https://prepbanker.com/ibps-po/notification,200,,0,https://prepbanker.com/ibps-po/notification,IBPS PO Notification 2026 PDF Download | 7365 Posts | PrepBanker,"IBPS PO Notification 2026 out for 7365 PO/MT posts. Download official PDF, check CRP PO/MT-XVI dates, correction window &amp; apply online at ibps.in.",1,true
https://prepbanker.com/ibps-po/admit-card,200,,0,https://prepbanker.com/ibps-po/admit-card,IBPS PO Admit Card — Download Hall Ticket Now | PrepBanker,"IBPS PO admit card 2026 is released on ibps.in. Download your Prelims &amp; Mains hall ticket, check exam day rules, and attempt free mock tests on PrepBanker.",1,true
https://prepbanker.com/ibps-po/vacancy,200,,0,https://prepbanker.com/ibps-po/vacancy,"IBPS PO Vacancy — Total Posts, Bank-Wise &amp; State-Wise | PrepBanker","IBPS PO vacancy 2026 details — total posts, bank-wise breakdown, state-wise distribution, category-wise seats, and free mock tests to start your prep today.",1,true
https://prepbanker.com/ibps-po/syllabus,200,,0,https://prepbanker.com/ibps-po/syllabus,IBPS PO Syllabus — Prelims &amp; Mains Complete Topics | PrepBanker,"IBPS PO syllabus 2026 for Prelims and Mains — complete topic list, section-wise weightage, exam pattern, and free mock tests to practise every topic on PrepBanker.",1,true
https://prepbanker.com/ibps-po/important-dates,200,,0,https://prepbanker.com/ibps-po/important-dates,IBPS PO Important Dates &amp; Timeline 2026 | PrepBanker | PrepBanker,"A complete calendar tracking notification release, online registration dates, admit card downloads, and exam milestones for IBPS PO 2026.... Read the comprehensive guide and attempt free practice mock tests on PrepBanker.",1,true
https://prepbanker.com/ibps-po/cut-off,200,,0,https://prepbanker.com/ibps-po/cut-off,"IBPS PO Cut Off – Prelims, Mains &amp; Previous Year Marks | PrepBanker","Check IBPS PO cut off 2026 expected marks, previous year Prelims &amp; Mains cut offs (2021–2025) category-wise, section-wise trends, and safe score targets.",1,true
https://prepbanker.com/ibps-po/exam-pattern,200,,0,https://prepbanker.com/ibps-po/exam-pattern,"IBPS PO Exam Pattern : Sections, Marks &amp; Syllabus | PrepBanker","IBPS PO 2026 exam pattern — Prelims has 100 marks in 60 min, Mains has 200+25 marks in 3 hrs 30 min. Check section-wise marks, negative marking &amp; free mock tests.",1,true
https://prepbanker.com/ibps-po/eligibility,200,,0,https://prepbanker.com/ibps-po/eligibility,"IBPS PO Eligibility : Age, Qualification &amp; Criteria | PrepBanker","Check IBPS PO 2026 eligibility — age limit 20–30 years, graduation required, Indian nationality. See relaxations, attempts limit &amp; start your free mock test.",1,true
https://prepbanker.com/ibps-po/selection-process,200,,0,https://prepbanker.com/ibps-po/selection-process,IBPS PO Selection Process – All Stages Explained | PrepBanker,"Understand the IBPS PO 2026 selection process — Prelims, Mains, Interview, and provisional allotment. Stage-wise marks, cut offs, and prep tips in one page.",1,true
https://prepbanker.com/ibps-po/salary,200,,0,https://prepbanker.com/ibps-po/salary,"IBPS PO Salary : In-Hand Pay, Allowances &amp; Perks | PrepBanker","IBPS PO 2026 salary starts at ₹36,000–₹42,000 in-hand per month. See basic pay, DA, HRA, allowances, perks, and how salary grows with promotions.",1,true
https://prepbanker.com/ibps-po/mock-tests,200,,0,https://prepbanker.com/ibps-po/mock-tests,IBPS PO Mock Test : Free Full-Length Tests Online | PrepBanker,"Attempt free IBPS PO mock tests 2026 on PrepBanker — full-length Prelims &amp; Mains simulations with sectional timers, score analysis &amp; topic-wise accuracy.",1,true
https://prepbanker.com/ibps-po/english-tests,200,,0,https://prepbanker.com/ibps-po/english-tests,IBPS PO English Sectional Test – Practice Free Online | PrepBanker,"Attempt free IBPS PO English sectional tests 2026 — Reading Comprehension, Cloze Test, Error Spotting &amp; more. 20-minute timer, instant score, detailed solutions.",1,true
https://prepbanker.com/ibps-po/quant-tests,200,,0,https://prepbanker.com/ibps-po/quant-tests,IBPS PO Quantitative Aptitude Test 2026 – Free Sectional Mock | PrepBanker,"Attempt free IBPS PO Quantitative Aptitude sectional tests for 2026. 35 questions, 20 minutes, real exam pattern. Identify weak topics and improve your score.",1,true
https://prepbanker.com/ibps-po/reasoning-tests,200,,0,https://prepbanker.com/ibps-po/reasoning-tests,IBPS PO Reasoning Ability Test – Free Sectional Mock | PrepBanker,"Attempt free IBPS PO Reasoning Ability sectional tests for 2026. 35 questions, 20 minutes, real exam pattern. Master puzzles, syllogisms and seating arrangements.",1,true
https://prepbanker.com/ibps-po/study-plan,200,,0,https://prepbanker.com/ibps-po/study-plan,IBPS PO Study Plan – 3-Month Preparation Guide | PrepBanker,"Follow this IBPS PO study plan 2026 to prepare for Prelims and Mains in 90 days. Week-wise schedule, topic priority, mock test strategy, and daily routine included.",1,true
https://prepbanker.com/ibps-po/previous-year-papers,404,,0,,,,0,true
http://localhost:3001/exams,200,,0,https://prepbanker.com/exams,Banking Exams 2026 – SBI PO &amp; IBPS PO Guides | PrepBanker,"Explore SBI PO and IBPS PO 2026 exam guides with syllabus, exam pattern, dates, cutoffs, and free mock tests on PrepBanker.",1,false
http://localhost:3001/live-tests,200,,0,https://prepbanker.com/live-tests,Live Mock Tests for SBI PO &amp; IBPS PO | Free Banking Exam Test Series | PrepBanker,"Attempt free live mock tests for SBI PO, IBPS PO, and other banking exams. Practice in a real exam environment, improve speed and accuracy, track performance, and boost your chances of success.",1,false
http://localhost:3001/previous-year-papers,200,,0,https://prepbanker.com/previous-year-papers,Banking Exam Previous Year Question Papers | PrepBanker,Download previous year question papers for SBI PO and IBPS PO. Access year-wise prelims &amp; mains question papers with detailed solutions and exam analysis.,1,false
http://localhost:3001/quiz,200,,0,https://prepbanker.com/quiz,Practice Quizzes for SBI PO &amp; IBPS PO | Topic-wise Quiz Preparation | PrepBanker,"Practice topic-wise quizzes for SBI PO, IBPS PO, and other competitive exams. Improve accuracy, strengthen concepts, track performance, and boost your exam preparation with interactive quiz practice.",1,false
http://localhost:3001/pricing,200,,0,https://prepbanker.com/pricing,"PrepBanker Premium Pricing – Simple, Honest Plans for SBI PO &amp; IBPS PO Mocks | PrepBanker","Choose from our free or premium mock test series plans. Get complete access to 500+ mock tests, 7 years of PYQs, live exams, and AI feedback to crack the 2026 SBI PO &amp; IBPS PO cycles.",1,false
http://localhost:3001/ibps-po,200,,0,https://prepbanker.com/ibps-po,"IBPS PO 2026 Mock Test, Syllabus, Exam Pattern &amp; Free Practice Tests | PrepBanker","Prepare for IBPS PO 2026 with free mock tests, sectional tests, topic-wise questions, current affairs, and study material. Full syllabus, exam pattern, cut-offs &amp; 90-day strategy.",1,false
http://localhost:3001/sbi-po,200,,0,https://prepbanker.com/sbi-po,"SBI PO 2026 Mock Test, Syllabus, Exam Pattern &amp; Free Practice Tests | PrepBanker","Prepare for SBI PO 2026 with free mock tests, sectional tests, topic-wise practice questions, current affairs, and study material. Full syllabus, exam pattern, cutoffs &amp; preparation strategy — all in one place.",1,false
http://localhost:3001/current-affairs,200,,0,https://prepbanker.com/current-affairs,Banking Current Affairs 2026 – Daily &amp; Monthly Updates | PrepBanker,"Daily and monthly current affairs for SBI PO and IBPS PO 2026. Banking awareness, RBI updates, economy news, government schemes and static GK — all in one place.",1,false
http://localhost:3001/sbi-po-quiz,200,,0,https://prepbanker.com/sbi-po-quiz,SBI PO Quiz 2026: Free Mock Test &amp; Practice Questions | PrepBanker,"Attempt the SBI PO quiz 2026 with sectional tests, chapter-wise practice and PYQs. Get instant scores and fix weak areas on PrepBanker.",1,false
http://localhost:3001/ibps-po-quiz,200,,0,https://prepbanker.com/ibps-po-quiz,IBPS PO Quiz 2026: Free Mock Test &amp; Practice Questions | PrepBanker,"Attempt the IBPS PO quiz 2026 with sectional tests, chapter-wise practice and PYQs. Get instant scores and fix weak areas on PrepBanker.",1,false
http://localhost:3001/about,200,,0,https://prepbanker.com/about,About Us – PrepBanker Team &amp; Mission | PrepBanker,"Learn about PrepBanker – India&#x27;s most trusted online preparation platform for banking exams like SBI PO and IBPS PO. Our mission, features, and values.",1,false
http://localhost:3001/contact,200,,0,https://prepbanker.com/contact,Contact Us – PrepBanker Support | PrepBanker,"Get in touch with the PrepBanker team for support, feedback, or partnership inquiries.",1,false
http://localhost:3001/blogs,200,,0,https://prepbanker.com/blogs,"Banking Exam Blog 2026 – Expert Tips, Strategy &amp; Current Affairs | PrepBanker","Expert articles on SBI PO, IBPS PO preparation strategy, current affairs, RBI updates, study tips, and interview guidance written by banking faculty and toppers.",1,false
http://localhost:3001/terms,200,,0,https://prepbanker.com/terms,Terms &amp; Conditions – PrepBanker | PrepBanker,Read PrepBanker&#x27;s Terms of Use and platform terms and conditions.,1,false
http://localhost:3001/privacy,200,,0,https://prepbanker.com/privacy,Privacy Policy – PrepBanker | PrepBanker,"Learn how PrepBanker collects, uses, and protects your personal information.",1,false
http://localhost:3001/sbi-po/previous-year-papers,200,,0,https://prepbanker.com/sbi-po/previous-year-papers,SBI PO Previous Year Question Papers (2016–2025) Free PDF | PrepBanker,"Download SBI PO previous year question papers 2016–2025 with solutions. Practice prelims &amp; mains PYQs, attempt topic-wise mock tests free on PrepBanker.",1,false
http://localhost:3001/ibps-po/previous-year-papers,200,,0,https://prepbanker.com/ibps-po/previous-year-papers,IBPS PO Previous Year Question Papers (2016–2025) Free PDF | PrepBanker,"Download IBPS PO previous year question papers 2016–2025 with solutions. Practice prelims &amp; mains PYQs, then attempt free topic-wise mock tests on PrepBanker.",1,false
http://localhost:3001/ibps-po/notification,200,,0,https://prepbanker.com/ibps-po/notification,"IBPS PO Notification 2026: PDF, Dates &amp; Vacancies | PrepBanker","Check the official IBPS PO 2026 recruitment notification PDF. Find key application dates, 7,365 bank-wise vacancies, eligibility criteria, and exam schedule.",1,false
http://localhost:3001/ibps-po/admit-card,200,,0,https://prepbanker.com/ibps-po/admit-card,IBPS PO Admit Card — Download Hall Ticket Now | PrepBanker,"IBPS PO admit card 2026 is released on ibps.in. Download your Prelims &amp; Mains hall ticket, check exam day rules, and attempt free mock tests on PrepBanker.",1,false
http://localhost:3001/ibps-po/vacancy,200,,0,https://prepbanker.com/ibps-po/vacancy,"IBPS PO Vacancy — Total Posts, Bank-Wise &amp; State-Wise | PrepBanker","IBPS PO vacancy 2026 details — total posts, bank-wise breakdown, state-wise distribution, category-wise seats, and free mock tests to start your prep today.",1,false
http://localhost:3001/ibps-po/syllabus,200,,0,https://prepbanker.com/ibps-po/syllabus,IBPS PO Syllabus — Prelims &amp; Mains Complete Topics | PrepBanker,"IBPS PO syllabus 2026 for Prelims and Mains — complete topic list, section-wise weightage, exam pattern, and free mock tests to practise every topic on PrepBanker.",1,false
http://localhost:3001/ibps-po/important-dates,200,,0,https://prepbanker.com/ibps-po/important-dates,IBPS PO Important Dates &amp; Timeline 2026 | PrepBanker,"A complete calendar tracking notification release, online registration dates, admit card downloads, and exam milestones for IBPS PO 2026.... Read the comprehensive guide and attempt free practice mock tests on PrepBanker.",1,false
http://localhost:3001/ibps-po/cut-off,200,,0,https://prepbanker.com/ibps-po/cut-off,"IBPS PO Cut Off – Prelims, Mains &amp; Previous Year Marks | PrepBanker","Check IBPS PO cut off 2026 expected marks, previous year Prelims &amp; Mains cut offs (2021–2025) category-wise, section-wise trends, and safe score targets.",1,false
http://localhost:3001/ibps-po/exam-pattern,200,,0,https://prepbanker.com/ibps-po/exam-pattern,"IBPS PO Exam Pattern : Sections, Marks &amp; Syllabus | PrepBanker","IBPS PO 2026 exam pattern — Prelims has 100 marks in 60 min, Mains has 200+25 marks in 3 hrs 30 min. Check section-wise marks, negative marking &amp; free mock tests.",1,false
http://localhost:3001/ibps-po/eligibility,200,,0,https://prepbanker.com/ibps-po/eligibility,"IBPS PO Eligibility : Age, Qualification &amp; Criteria | PrepBanker","Check IBPS PO 2026 eligibility — age limit 20–30 years, graduation required, Indian nationality. See relaxations, attempts limit &amp; start your free mock test.",1,false
http://localhost:3001/ibps-po/selection-process,200,,0,https://prepbanker.com/ibps-po/selection-process,IBPS PO Selection Process – All Stages Explained | PrepBanker,"Understand the IBPS PO 2026 selection process — Prelims, Mains, Interview, and provisional allotment. Stage-wise marks, cut offs, and prep tips in one page.",1,false
http://localhost:3001/ibps-po/salary,200,,0,https://prepbanker.com/ibps-po/salary,"IBPS PO Salary : In-Hand Pay, Allowances &amp; Perks | PrepBanker","IBPS PO 2026 salary starts at ₹36,000–₹42,000 in-hand per month. See basic pay, DA, HRA, allowances, perks, and how salary grows with promotions.",1,false
http://localhost:3001/ibps-po/mock-tests,200,,0,https://prepbanker.com/ibps-po/mock-tests,IBPS PO Mock Test : Free Full-Length Tests Online | PrepBanker,"Attempt free IBPS PO mock tests 2026 on PrepBanker — full-length Prelims &amp; Mains simulations with sectional timers, score analysis &amp; topic-wise accuracy.",1,false
http://localhost:3001/ibps-po/english-tests,200,,0,https://prepbanker.com/ibps-po/english-tests,IBPS PO English Sectional Test – Practice Free Online | PrepBanker,"Attempt free IBPS PO English sectional tests 2026 — Reading Comprehension, Cloze Test, Error Spotting &amp; more. 20-minute timer, instant score, detailed solutions.",1,false
http://localhost:3001/ibps-po/quant-tests,200,,0,https://prepbanker.com/ibps-po/quant-tests,IBPS PO Quantitative Aptitude Test 2026 – Free Sectional Mock | PrepBanker,"Attempt free IBPS PO Quantitative Aptitude sectional tests for 2026. 35 questions, 20 minutes, real exam pattern. Identify weak topics and improve your score.",1,false
http://localhost:3001/ibps-po/reasoning-tests,200,,0,https://prepbanker.com/ibps-po/reasoning-tests,IBPS PO Reasoning Ability Test – Free Sectional Mock | PrepBanker,"Attempt free IBPS PO Reasoning Ability sectional tests for 2026. 35 questions, 20 minutes, real exam pattern. Master puzzles, syllogisms and seating arrangements.",1,false
http://localhost:3001/ibps-po/study-plan,200,,0,https://prepbanker.com/ibps-po/study-plan,IBPS PO Study Plan – 3-Month Preparation Guide | PrepBanker,"Follow this IBPS PO study plan 2026 to prepare for Prelims and Mains in 90 days. Week-wise schedule, topic priority, mock test strategy, and daily routine included.",1,false
http://localhost:3001/ibps-po/dates,200,,0,https://prepbanker.com/ibps-po/dates,IBPS PO Important Dates &amp; Timeline 2026 | PrepBanker,"A complete calendar tracking notification release, online registration dates, admit card downloads, and exam milestones for IBPS PO 2026.... Read the comprehensive guide and attempt free practice mock tests on PrepBanker.",1,false
http://localhost:3001/ibps-po/strategy,200,,0,https://prepbanker.com/ibps-po/strategy,IBPS PO Study Plan – 3-Month Preparation Guide | PrepBanker,"Follow this IBPS PO study plan 2026 to prepare for Prelims and Mains in 90 days. Week-wise schedule, topic priority, mock test strategy, and daily routine included.",1,false
http://localhost:3001/author/yashraj-deshmukh,200,,0,https://prepbanker.com/author/yashraj-deshmukh,Yashraj Deshmukh - Profile &amp; Articles | PrepBanker,"Read the profile, background, and published banking exam preparation articles by Yashraj Deshmukh on PrepBanker.",1,false
http://localhost:3001/author/divya-bhosale,200,,0,https://prepbanker.com/author/divya-bhosale,Divya Bhosale - Profile &amp; Articles | PrepBanker,"Read the profile, background, and published banking exam preparation articles by Divya Bhosale on PrepBanker.",1,false
http://localhost:3001/sbi-po/eligibility,200,,0,https://prepbanker.com/sbi-po/eligibility,SBI PO Eligibility Criteria 2026: Age &amp; Rules | PrepBanker,"SBI PO Eligibility Criteria 2026 — age limit 21-30 years, graduation qualification, nationality rules &amp; number of attempts. Full details here.",1,false
http://localhost:3001/sbi-po/dates,200,,0,https://prepbanker.com/sbi-po/dates,SBI PO Important Dates 2026: Full Exam Schedule | PrepBanker,"Complete SBI PO Important Dates 2026 — notification, admit card, prelims, mains, interview &amp; final result timeline. Official schedule, updated daily.",1,false
http://localhost:3001/sbi-po/exam-pattern,200,,0,https://prepbanker.com/sbi-po/exam-pattern,SBI PO Exam Pattern 2026: Prelims &amp; Mains | PrepBanker,"SBI PO Exam Pattern 2026 — Prelims (100 marks), Mains (230 marks), Descriptive Test &amp; Interview. Section-wise marks, duration &amp; marking scheme here.",1,false
http://localhost:3001/sbi-po/syllabus,200,,0,https://prepbanker.com/sbi-po/syllabus,SBI PO Syllabus 2026: Prelims &amp; Mains Topic-Wise PDF | PrepBanker,"Complete SBI PO Syllabus 2026 for Prelims &amp; Mains — topic-wise weightage for English, Quant, Reasoning, Banking Awareness &amp; Descriptive test. PDF inside.",1,false
http://localhost:3001/sbi-po/strategy,200,,0,https://prepbanker.com/sbi-po/strategy,SBI PO Study Plan 2026: Roadmap | PrepBanker,"SBI PO Study Plan 2026 — a day-wise roadmap from foundation to Mains, with subject time allocation, mock test frequency, and a revision system.",1,false
http://localhost:3001/sbi-po/cut-off,200,,0,https://prepbanker.com/sbi-po/cut-off,"SBI PO Cut Off 2026: Prelims, Mains &amp; Final Trend | PrepBanker","SBI PO Cut Off 2026 expected trends based on 2019–2025 data. Category-wise Prelims, Mains, Final &amp; Interview cut off marks — full history at PrepBanker.",1,false
http://localhost:3001/sbi-po/prelims-exam-analysis,200,,0,https://prepbanker.com/sbi-po/prelims-exam-analysis,SBI PO Prelims Exam Analysis 2026 | PrepBanker,"SBI PO Prelims Exam Analysis 2026 — shift-wise topics, good attempts, difficulty level, and a 7-year trend table across Reasoning, Quant &amp; English.",1,false
http://localhost:3001/sbi-po/salary,200,,0,https://prepbanker.com/sbi-po/salary,"SBI PO Salary 2026: In-Hand Pay, Allowances &amp; CTC | PrepBanker","SBI PO Salary 2026 — basic pay ₹48,480, CTC ₹21.97 lakh, in-hand salary, allowances (DA, HRA, CCA) &amp; career growth ladder. Full breakdown here.",1,false
http://localhost:3001/sbi-po/notification,200,,0,https://prepbanker.com/sbi-po/notification,SBI PO Notification 2026 PDF &amp; Details | PrepBanker,"SBI PO 2026 Notification out. Check the official CRPD/PO/2026-27/09 notice, important dates timeline, eligibility, 1,500 vacancies breakdown &amp; apply guide.",1,false
http://localhost:3001/sbi-po/admit-card,200,,0,https://prepbanker.com/sbi-po/admit-card,SBI PO Admit Card 2026 Out – Download Call Letter | PrepBanker,"SBI PO Admit Card 2026 released 22 July 2026 at sbi.bank.in for the Aug 1–2 Prelims exam. Direct download link, shift timings &amp; exam-day checklist.",1,false
http://localhost:3001/sbi-po/vacancy,200,,0,https://prepbanker.com/sbi-po/vacancy,SBI PO Vacancy 2026: 1500 Posts Breakup | PrepBanker,"SBI PO Vacancy 2026 stands at 1,500 posts — 1,446 regular + 54 backlog. Check category-wise, PwBD &amp; state-wise vacancy breakup here at PrepBanker.",1,false
http://localhost:3001/sbi-po/important-dates,200,,0,https://prepbanker.com/sbi-po/important-dates,SBI PO Important Dates 2026: Full Exam Schedule | PrepBanker,"Complete SBI PO Important Dates 2026 — notification, admit card, prelims, mains, interview &amp; final result timeline. Official schedule, updated daily.",1,false
http://localhost:3001/sbi-po/selection-process,200,,0,https://prepbanker.com/sbi-po/selection-process,SBI PO Selection Process 2026: Stages &amp; Rules | PrepBanker,"SBI PO Selection Process 2026 — Prelims, Mains, Psychometric Test, Group Exercise &amp; Interview. Shortlisting ratios, final merit &amp; documents needed.",1,false
http://localhost:3001/sbi-po/mock-tests,200,,0,https://prepbanker.com/sbi-po/mock-tests,SBI PO Mock Test 2026: Free Prelims &amp; Mains | PrepBanker,"Attempt SBI PO Mock Test 2026 for Prelims &amp; Mains — real exam interface, All India Rank, topic-wise analysis. Start with a free full mock now.",1,false
http://localhost:3001/sbi-po/english-tests,200,,0,https://prepbanker.com/sbi-po/english-tests,SBI PO English Sectional Test 2026 | PrepBanker,"Attempt SBI PO English Language Sectional Test 2026 — RC, Cloze Test, Para Jumbles &amp; more, topic-wise, timed, with instant solutions and analysis.",1,false
http://localhost:3001/sbi-po/quant-tests,200,,0,https://prepbanker.com/sbi-po/quant-tests,SBI PO Quantitative Aptitude Test 2026 | Topic-Wise Practice | PrepBanker,"Attempt SBI PO Quantitative Aptitude Test 2026 — DI, Simplification, Number Series, Quadratic Equations &amp; more, timed, topic-tagged, instant analysis.",1,false
http://localhost:3001/sbi-po/reasoning-tests,200,,0,https://prepbanker.com/sbi-po/reasoning-tests,SBI PO Reasoning Sectional Test 2026 | PrepBanker,"Attempt SBI PO Reasoning Ability Test 2026 — Puzzles, Seating Arrangement, Syllogism, Coding-Decoding &amp; more, timed, topic-tagged, instant analysis.",1,false
http://localhost:3001/sbi-po/sbi-po-vs-ibps-po,200,,0,https://prepbanker.com/sbi-po/sbi-po-vs-ibps-po,SBI PO vs IBPS PO 2026 Comparison | PrepBanker,"SBI PO vs IBPS PO compared for 2026 — exam pattern, difficulty, salary, career growth, and which to prioritize. Clear answers, no fluff.",1,false
http://localhost:3001/sbi-po/study-plan,200,,0,https://prepbanker.com/sbi-po/study-plan,SBI PO Study Plan 2026: Roadmap | PrepBanker,"SBI PO Study Plan 2026 — a day-wise roadmap from foundation to Mains, with subject time allocation, mock test frequency, and a revision system.",1,false
http://localhost:3001/quiz/practice/sbi-po/reasoning-ability/puzzles/floor-puzzle,200,,0,https://prepbanker.com,PrepBanker – #1 Banking Exam Preparation Platform | SBI PO &amp; IBPS PO,"Prepare for SBI PO and IBPS PO with PrepBanker – India&#x27;s most trusted banking exam platform. Full mock tests, live exams, daily current affairs, performance analytics, and expert guidance.",1,false
http://localhost:3001/quiz/practice/sbi-po/reasoning-ability/puzzles/box-puzzle,200,,0,https://prepbanker.com,PrepBanker – #1 Banking Exam Preparation Platform | SBI PO &amp; IBPS PO,"Prepare for SBI PO and IBPS PO with PrepBanker – India&#x27;s most trusted banking exam platform. Full mock tests, live exams, daily current affairs, performance analytics, and expert guidance.",1,false
http://localhost:3001/quiz/practice/sbi-po/reasoning-ability/puzzles/month-puzzle,200,,0,https://prepbanker.com,PrepBanker – #1 Banking Exam Preparation Platform | SBI PO &amp; IBPS PO,"Prepare for SBI PO and IBPS PO with PrepBanker – India&#x27;s most trusted banking exam platform. Full mock tests, live exams, daily current affairs, performance analytics, and expert guidance.",1,false
http://localhost:3001/quiz/practice/ibps-po/reasoning-ability/puzzles/floor-puzzle,200,,0,https://prepbanker.com,PrepBanker – #1 Banking Exam Preparation Platform | SBI PO &amp; IBPS PO,"Prepare for SBI PO and IBPS PO with PrepBanker – India&#x27;s most trusted banking exam platform. Full mock tests, live exams, daily current affairs, performance analytics, and expert guidance.",1,false
http://localhost:3001/quiz/practice/ibps-po/reasoning-ability/puzzles/box-puzzle,200,,0,https://prepbanker.com,PrepBanker – #1 Banking Exam Preparation Platform | SBI PO &amp; IBPS PO,"Prepare for SBI PO and IBPS PO with PrepBanker – India&#x27;s most trusted banking exam platform. Full mock tests, live exams, daily current affairs, performance analytics, and expert guidance.",1,false
http://localhost:3001/quiz/practice/ibps-po/reasoning-ability/puzzles/day-puzzle,200,,0,https://prepbanker.com,PrepBanker – #1 Banking Exam Preparation Platform | SBI PO &amp; IBPS PO,"Prepare for SBI PO and IBPS PO with PrepBanker – India&#x27;s most trusted banking exam platform. Full mock tests, live exams, daily current affairs, performance analytics, and expert guidance.",1,false
http://localhost:3001/ibps-po/quantitative-aptitude-test,200,,0,https://prepbanker.com/ibps-po/quantitative-aptitude-test,IBPS PO Quantitative Aptitude Test 2026 – Free Sectional Mock | PrepBanker,"Attempt free IBPS PO Quantitative Aptitude sectional tests for 2026. 35 questions, 20 minutes, real exam pattern. Identify weak topics and improve your score.",1,false
http://localhost:3001/ibps-po/reasoning-ability-test,200,,0,https://prepbanker.com/ibps-po/reasoning-ability-test,IBPS PO Reasoning Ability Test – Free Sectional Mock | PrepBanker,"Attempt free IBPS PO Reasoning Ability sectional tests for 2026. 35 questions, 20 minutes, real exam pattern. Master puzzles, syllogisms and seating arrangements.",1,false
http://localhost:3001/sbi-po/quantitative-aptitude-test,200,,0,https://prepbanker.com/sbi-po/quantitative-aptitude-test,SBI PO Quantitative Aptitude Test 2026 | Topic-Wise Practice | PrepBanker,"Attempt SBI PO Quantitative Aptitude Test 2026 — DI, Simplification, Number Series, Quadratic Equations &amp; more, timed, topic-tagged, instant analysis.",1,false
http://localhost:3001/sbi-po/reasoning-ability-test,200,,0,https://prepbanker.com/sbi-po/reasoning-ability-test,SBI PO Reasoning Sectional Test 2026 | PrepBanker,"Attempt SBI PO Reasoning Ability Test 2026 — Puzzles, Seating Arrangement, Syllogism, Coding-Decoding &amp; more, timed, topic-tagged, instant analysis.",1,false
